<?xml version="1.0" encoding="UTF-8"?>
<project-private xmlns="http://www.netbeans.org/ns/project-private/1">
    <editor-bookmarks xmlns="http://www.netbeans.org/ns/editor-bookmarks/2" lastBookmarkId="0"/>
    <open-files xmlns="http://www.netbeans.org/ns/projectui-open-files/2">
        <group>
            <file>file:/C:/Users/harri/OneDrive/Documents/NetBeansProjects/C482%20Software%201/src/view/addproductscreen.css</file>
            <file>file:/C:/Users/harri/OneDrive/Documents/NetBeansProjects/C482%20Software%201/src/model/InHouse.java</file>
            <file>file:/C:/Users/harri/OneDrive/Documents/NetBeansProjects/C482%20Software%201/src/view/ModifyProductScreen.fxml</file>
            <file>file:/C:/Users/harri/OneDrive/Documents/NetBeansProjects/C482%20Software%201/src/controller/ModifyProductScreenController.java</file>
            <file>file:/C:/Users/harri/OneDrive/Documents/NetBeansProjects/C482%20Software%201/src/view/modifyproductscreen.css</file>
            <file>file:/C:/Users/harri/OneDrive/Documents/NetBeansProjects/C482%20Software%201/src/controller/ModifyPartScreenController.java</file>
            <file>file:/C:/Users/harri/OneDrive/Documents/NetBeansProjects/C482%20Software%201/src/view/MainScreen.fxml</file>
            <file>file:/C:/Users/harri/OneDrive/Documents/NetBeansProjects/C482%20Software%201/src/view/ModifyPartScreen.fxml</file>
            <file>file:/C:/Users/harri/OneDrive/Documents/NetBeansProjects/C482%20Software%201/src/main/Main.java</file>
            <file>file:/C:/Users/harri/OneDrive/Documents/NetBeansProjects/C482%20Software%201/src/controller/MainScreenController.java</file>
            <file>file:/C:/Users/harri/OneDrive/Documents/NetBeansProjects/C482%20Software%201/src/model/Inventory.java</file>
            <file>file:/C:/Users/harri/OneDrive/Documents/NetBeansProjects/C482%20Software%201/src/view/mainscreen.css</file>
            <file>file:/C:/Users/harri/OneDrive/Documents/NetBeansProjects/C482%20Software%201/src/view/modifypartscreen.css</file>
            <file>file:/C:/Users/harri/OneDrive/Documents/NetBeansProjects/C482%20Software%201/src/controller/AddProductScreenController.java</file>
            <file>file:/C:/Users/harri/OneDrive/Documents/NetBeansProjects/C482%20Software%201/src/view/AddProductScreen.fxml</file>
            <file>file:/C:/Users/harri/OneDrive/Documents/NetBeansProjects/C482%20Software%201/src/controller/AddPartScreenController.java</file>
            <file>file:/C:/Users/harri/OneDrive/Documents/NetBeansProjects/C482%20Software%201/src/view/addpartscreen.css</file>
            <file>file:/C:/Users/harri/OneDrive/Documents/NetBeansProjects/C482%20Software%201/src/view/AddPartScreen.fxml</file>
        </group>
    </open-files>
</project-private>
